{"train_loss": [1.6664199108417732, 1.1686666312860732, 1.0347912327838236, 0.9619255538997216, 0.9124974577314173, 0.9012866250687848, 0.860646253646777, 0.8381655900574398, 0.8250105669953568, 0.7989879320256555, 0.7941718937427902, 0.7776722915953387, 0.7567328095436097, 0.7505662947319017, 0.7411639656577971, 0.7342991004683299, 0.7334787176703405, 0.7192573510619262, 0.7212131591269098, 0.7158252736524191, 0.7015935241236578, 0.699532696578632, 0.6968834467401855, 0.6890349680822075, 0.6885101798536899, 0.6831941239261794, 0.6796961257002608, 0.6786816786550599, 0.6796492610629093, 0.6742180580433113, 0.664628707673629, 0.6737931121251629, 0.6702878591684451, 0.6676601934558247, 0.6677162169992611, 0.6609060963064485, 0.6615541052275489, 0.6586710613788531, 0.661732957137654, 0.6584014059156962, 0.6601805190280106, 0.656777768794793, 0.6543560717026532, 0.6587308060058152, 0.652694812004704, 0.6549132131653367, 0.6545662106649262, 0.6573655834966282, 0.6499151005636372, 0.6528821642887362], "train_acc": [0.5089316987740805, 0.736077057793345, 0.794045534150613, 0.8329246935201401, 0.854816112084063, 0.8609457092819615, 0.8768826619964973, 0.8903677758318739, 0.8982486865148862, 0.9080560420315237, 0.9085814360770578, 0.9201401050788091, 0.9322241681260945, 0.9327495621716287, 0.9395796847635727, 0.9418563922942207, 0.9448336252189142, 0.9493870402802101, 0.9504378283712784, 0.9502626970227671, 0.957092819614711, 0.9625218914185639, 0.9590192644483363, 0.9609457092819614, 0.9669001751313485, 0.9660245183887916, 0.9712784588441331, 0.9702276707530648, 0.9691768826619965, 0.9721541155866901, 0.9746059544658494, 0.9702276707530648, 0.9751313485113835, 0.9749562171628722, 0.9774080560420315, 0.9754816112084063, 0.977583187390543, 0.9784588441330998, 0.9784588441330998, 0.9791593695271453, 0.977583187390543, 0.9791593695271453, 0.9828371278458844, 0.978108581436077, 0.9814360770577933, 0.975831873905429, 0.9805604203152364, 0.9798598949211909, 0.9823117338003503, 0.9809106830122591], "val_loss": [1.2366172376638709, 1.0467787077767987, 1.0032144840937343, 0.947112954473763, 0.9260330273760653, 0.909848565222672, 0.8911372888389175, 0.8993520127272372, 0.8923926278635296, 0.8663557749058722, 0.8609963513356941, 0.8498749007767413, 0.8462112454010428, 0.8371987587773616, 0.8230400543978639, 0.8309589031284353, 0.8425063810208068, 0.8252181175881984, 0.8282928030420654, 0.82244426680815, 0.8204897230838492, 0.8225338657557714, 0.8130558036570796, 0.8212557259482053, 0.8042509063430454, 0.8036892268216292, 0.7982856984894205, 0.8074820878880221, 0.8104104571054894, 0.8023053036080503, 0.8051186022551163, 0.7994121117478166, 0.8007307653256586, 0.8009661422705416, 0.7941631756273594, 0.7967682757100083, 0.7900965090888078, 0.7966017317220172, 0.7928534469882034, 0.7929911432058915, 0.792066253418675, 0.7921395525858747, 0.7920147105319971, 0.7900828426967663, 0.787581288087251, 0.7908896041451463, 0.7907287259004895, 0.7922235331060509, 0.7940831513341312, 0.788682145373517], "val_acc": [0.791023842917251, 0.8737727910238429, 0.8695652173913043, 0.8892005610098177, 0.9074333800841514, 0.9116409537166901, 0.9172510518934082, 0.9144460028050491, 0.9144460028050491, 0.9256661991584852, 0.9284712482468443, 0.938288920056101, 0.9354838709677419, 0.9368863955119214, 0.9396914446002805, 0.9424964936886395, 0.94109396914446, 0.9424964936886395, 0.9467040673211781, 0.9481065918653576, 0.9509116409537167, 0.94109396914446, 0.9467040673211781, 0.94109396914446, 0.9467040673211781, 0.9551192145862553, 0.9509116409537167, 0.9551192145862553, 0.9509116409537167, 0.9537166900420757, 0.9523141654978962, 0.9509116409537167, 0.9495091164095372, 0.9509116409537167, 0.9579242636746143, 0.9509116409537167, 0.9509116409537167, 0.9523141654978962, 0.9537166900420757, 0.9565217391304348, 0.9537166900420757, 0.9579242636746143, 0.9523141654978962, 0.9551192145862553, 0.9607293127629734, 0.9565217391304348, 0.9579242636746143, 0.9579242636746143, 0.9523141654978962, 0.9551192145862553]}