{"train_loss": [1.3322601750519145, 0.6659702596543341, 0.4974643511864016, 0.4051840987597998, 0.34919956308738986, 0.3056986363151236, 0.2709387800739442, 0.2409447292051883, 0.21509194520225458, 0.19236318911384995, 0.18593040834688263, 0.1611813102733024, 0.1609805820232515, 0.15073110592761935, 0.14398057342045362, 0.14432401882579154, 0.12605288710882284, 0.1317783203908942, 0.11183717074410927, 0.10729570393621816, 0.10070445375507224, 0.10441451972764762, 0.10608999334575833, 0.09941307963663142, 0.09045714791962019, 0.10175605885775828, 0.08834285380012126, 0.0892319081308754, 0.08077010003337719, 0.08299580954811202, 0.08409506662792791, 0.07992599007988352, 0.07498021130360363, 0.08060439816837553, 0.07131393661562699, 0.07515097939443567, 0.0688077049594105, 0.07027388855345194, 0.07128742307411497, 0.07231470007194947, 0.0707765997095513, 0.06761287157334087, 0.06736463481354839, 0.07072413195766208, 0.06240603825543891, 0.06517419237871826, 0.06854739149220145, 0.06426653225014016, 0.07520996518367852, 0.06827333453005333], "train_acc": [0.5739054290718039, 0.7786339754816112, 0.82784588441331, 0.8658493870402802, 0.8768826619964973, 0.8973730297723292, 0.9014010507880911, 0.9220665499124343, 0.9273204903677759, 0.9376532399299474, 0.9381786339754816, 0.9464098073555166, 0.9448336252189142, 0.9486865148861646, 0.9539404553415062, 0.9528896672504378, 0.9607705779334501, 0.9555166374781086, 0.9626970227670754, 0.9642732049036777, 0.9667250437828371, 0.9660245183887916, 0.9611208406304729, 0.9621716287215412, 0.9683012259194396, 0.9669001751313485, 0.9716287215411559, 0.9709281961471103, 0.974430823117338, 0.9732049036777584, 0.9711033274956217, 0.9746059544658494, 0.975831873905429, 0.9726795096322242, 0.9768826619964974, 0.9772329246935202, 0.9770577933450088, 0.9782837127845885, 0.9754816112084063, 0.9763572679509632, 0.9760070052539405, 0.9788091068301226, 0.978108581436077, 0.9786339754816112, 0.9784588441330998, 0.975831873905429, 0.9765323992994746, 0.9779334500875657, 0.9742556917688266, 0.978984238178634], "val_loss": [0.6426596101504054, 0.3750441714384571, 0.31828361965041885, 0.2867188529349174, 0.25092797552471846, 0.2442589601015915, 0.21077464058731393, 0.2223874021311412, 0.18837955024166536, 0.19184585299628928, 0.18875494565185144, 0.1803803287979103, 0.18983264126309402, 0.1796181819063375, 0.1994237217000329, 0.16170984126012225, 0.1554590437808146, 0.19548360988295926, 0.19650881080124083, 0.17952317533945844, 0.1718983272662875, 0.16721073633842276, 0.16181096158380298, 0.15807168056682563, 0.1363367129771658, 0.16684446816205611, 0.1612194451913644, 0.17082844754155407, 0.15664919915860995, 0.15128181607237637, 0.14230631359633736, 0.14296743689274885, 0.1610819514918234, 0.16211779697722759, 0.15213306022737422, 0.16558896827438913, 0.15166527531833876, 0.17160667399247617, 0.14447491434303575, 0.15283684904215158, 0.15859525647802755, 0.14801452254912334, 0.1465889487397102, 0.16035744696269386, 0.1488415136167402, 0.1647624556588461, 0.16204708821696917, 0.17610629777418976, 0.16320418504496262, 0.147851487788961], "val_acc": [0.8078541374474053, 0.8807854137447405, 0.8934081346423562, 0.9046283309957924, 0.9102384291725105, 0.9172510518934082, 0.9326788218793829, 0.9242636746143057, 0.938288920056101, 0.9326788218793829, 0.9340813464235624, 0.9340813464235624, 0.938288920056101, 0.9438990182328191, 0.9270687237026648, 0.9523141654978962, 0.9481065918653576, 0.9396914446002805, 0.9481065918653576, 0.9453015427769986, 0.9537166900420757, 0.9551192145862553, 0.9537166900420757, 0.9537166900420757, 0.9523141654978962, 0.9565217391304348, 0.9565217391304348, 0.9537166900420757, 0.9593267882187938, 0.9551192145862553, 0.9579242636746143, 0.9607293127629734, 0.9551192145862553, 0.9579242636746143, 0.9537166900420757, 0.9509116409537167, 0.9551192145862553, 0.9565217391304348, 0.9607293127629734, 0.9551192145862553, 0.9579242636746143, 0.9565217391304348, 0.9621318373071529, 0.9551192145862553, 0.9607293127629734, 0.9537166900420757, 0.9537166900420757, 0.9495091164095372, 0.9579242636746143, 0.9593267882187938]}