{"train_loss": [1.7906186288375987, 1.3670688728943807, 1.2820732548023899, 1.2382748871885123, 1.1907102005285473, 1.159790448674805, 1.136769432779369, 1.0770049274698448, 1.1401245925555923, 1.0672271794487842, 1.0714433472962388, 1.0904187847144131, 1.0757985659530827, 1.024909482904157, 1.0091844506522611, 1.017752893584831, 0.9953027683047614, 0.9894604579579809, 0.9832466559735781, 0.9848756178456722, 0.9619666113744892, 0.9459992920872209, 0.9841632868696637, 0.9785401871241955, 0.9865038736480338, 0.9640732174788172, 0.9734118211499029, 1.013973671062189, 0.9724716985705855, 0.9279723951152661, 0.9229918515410815, 0.9387878668078607, 0.9162969669819713, 0.998006409375346, 0.9526175489358852, 0.9094780238831315, 0.9401640860086564, 0.9388102180485968, 0.9696504001233289, 0.9651028741262005, 0.9245032677926032, 0.9503097467789926, 0.9120920139519847, 0.9319684160152375, 0.9718606471597835, 0.9941834812824029, 0.9668551494068941, 0.9604557107083643, 0.9399726552011253, 0.9904182655381237], "train_acc": [0.44261014142094895, 0.6535924607525774, 0.7010630142459101, 0.7167440046988519, 0.742213684372643, 0.755299001149246, 0.7664016085623024, 0.7967383340444748, 0.7689071119979886, 0.7974274239481643, 0.8011208696248444, 0.791813666014663, 0.7980822195731194, 0.8239354292273313, 0.8274851949327673, 0.8285061682585868, 0.8381342358430505, 0.8449543545417318, 0.843490068966787, 0.8499534758920219, 0.85608536090617, 0.8557822381134835, 0.8450882058218774, 0.8461463392094013, 0.8480076520956544, 0.8592510261802874, 0.8502019189076332, 0.83179812957443, 0.8561113377586138, 0.8754713252212872, 0.8732963299793036, 0.8692840956973529, 0.8762056699776191, 0.8429589745877294, 0.8655281940400078, 0.8787743566750228, 0.8620858773667424, 0.8638976845348779, 0.8511429145331976, 0.856368922018128, 0.8749700726644379, 0.8597856398012926, 0.8820963087933702, 0.8710745178463163, 0.8600277244314003, 0.8456096341856307, 0.8573400417267755, 0.858838105410494, 0.8659414637109653, 0.8454589005318289], "val_loss": [1.3125972894933415, 1.1082785953813314, 1.0588710370772685, 1.0467291766513782, 1.0044294169791785, 0.9568736814432692, 0.9273288778302379, 0.9283751015241818, 0.9481132442202174, 0.9039435854800787, 0.919474982028255, 0.9047005314479202, 0.8810824283710871, 0.8943758025911713, 0.8805292722720752, 0.8598079940547114, 0.8645545776729664, 0.8503467455234635, 0.8477160748392134, 0.8534880423445521, 0.8459851263198077, 0.8446570610598796, 0.8574172453994002, 0.8369604323221289, 0.8417853014582839, 0.8371756158737782, 0.8364863364342051, 0.8408365831050766, 0.8285683156480963, 0.832213275395804, 0.8345497519321228, 0.8205996863387243, 0.813922599689489, 0.8293273939658348, 0.8227319927235639, 0.8155995328162194, 0.8157399610249224, 0.8098908592992544, 0.8261114120650592, 0.8241848937257978, 0.8108008209234535, 0.8199983774612528, 0.8161635792188524, 0.8061915320066048, 0.808244184809012, 0.8193673927018218, 0.8254216396123129, 0.8141925520515709, 0.8151884560916066, 0.8248609655535405], "val_acc": [0.758765778401122, 0.847124824684432, 0.8639551192145862, 0.8555399719495091, 0.8653576437587658, 0.8863955119214586, 0.9046283309957924, 0.8877980364656382, 0.8920056100981767, 0.9158485273492286, 0.9046283309957924, 0.9102384291725105, 0.9256661991584852, 0.9186535764375876, 0.9200561009817672, 0.94109396914446, 0.9214586255259467, 0.9256661991584852, 0.9214586255259467, 0.9312762973352033, 0.9298737727910238, 0.9284712482468443, 0.9326788218793829, 0.9368863955119214, 0.9424964936886395, 0.9453015427769986, 0.9368863955119214, 0.9340813464235624, 0.9340813464235624, 0.9453015427769986, 0.9340813464235624, 0.9453015427769986, 0.9467040673211781, 0.9481065918653576, 0.9481065918653576, 0.9481065918653576, 0.9467040673211781, 0.94109396914446, 0.9453015427769986, 0.94109396914446, 0.9481065918653576, 0.9453015427769986, 0.9495091164095372, 0.9495091164095372, 0.9537166900420757, 0.9481065918653576, 0.9453015427769986, 0.9537166900420757, 0.9495091164095372, 0.9481065918653576]}