{"train_loss": [1.6064312450104963, 1.0364661752864484, 0.9237621760827648, 0.8665750840499397, 0.8056398231386095, 0.7658555906833575, 0.7348284145996575, 0.6565223453132576, 0.7463714744915269, 0.6440702356097995, 0.649807426975404, 0.6774635733009011, 0.6602407941885045, 0.5911843709738993, 0.570827680711362, 0.5816281433698384, 0.5503036453693635, 0.5435282156262841, 0.5345671232078623, 0.5334974895425519, 0.5117675935533126, 0.4839875341505595, 0.53801303978768, 0.525804416728312, 0.5435167884242096, 0.5139170588211086, 0.5188978123998893, 0.5698020325337525, 0.5228383973266949, 0.4595318139956419, 0.4507745832987717, 0.4753303153397949, 0.4460672186573416, 0.5525737214892216, 0.4954194880408706, 0.43420353992181565, 0.4764639366529034, 0.47274494559460056, 0.5160159927220352, 0.5080883057856518, 0.4560270169570442, 0.4866651968446588, 0.4380920460679276, 0.461956863551549, 0.5210384997511495, 0.550080069184512, 0.5132929561382418, 0.503722292205707, 0.47702771340694194, 0.5401688064590435], "train_acc": [0.44809243113272246, 0.6522590635536849, 0.7000824125760908, 0.7188616214825685, 0.7438942069973921, 0.7560192385404624, 0.7655716720687946, 0.7975557948578469, 0.7663920119430889, 0.799019503384672, 0.8013361766334173, 0.7940617861973216, 0.7958657261369108, 0.8251700110694364, 0.8262194955829146, 0.8267913634639279, 0.8348238579237315, 0.8408750908178539, 0.8407662799187174, 0.8480275915717076, 0.8566567591318107, 0.857879156991187, 0.8430451463275115, 0.8419712088362765, 0.8460375731546699, 0.8551417357449774, 0.8463009754120782, 0.8275169965473449, 0.8547367267976083, 0.8713953409846318, 0.8709740976109813, 0.868398464122712, 0.8718318155893302, 0.8389349815515629, 0.8642159204766964, 0.8790571677079343, 0.861405771793292, 0.8606739286365943, 0.8496643468920279, 0.8540665375998475, 0.8697699149310485, 0.8571974493784996, 0.8797140799554133, 0.8693244870615089, 0.8559985232645493, 0.8393334702727256, 0.8552447078524454, 0.8549751208250242, 0.8642842863988125, 0.8403869685692461], "val_loss": [0.8548915433014258, 0.558430922848563, 0.48635152833429157, 0.47073061649294423, 0.41228555053012733, 0.3589572033114721, 0.3157805656755623, 0.3195927425602459, 0.34605039487923345, 0.28646444846441, 0.3088164940492092, 0.2955596320968524, 0.25346276384019417, 0.28313903061759255, 0.27390967913201864, 0.24546092968084032, 0.24338430836587768, 0.2239599080931338, 0.2197717499682813, 0.23936703906173792, 0.21509481393594979, 0.21776523656338495, 0.24511954991400325, 0.21516852121575517, 0.22232504285150959, 0.21245679490236882, 0.20739358787386983, 0.2208063334101213, 0.19751025922335214, 0.20395017837449844, 0.2077769874732257, 0.1868533375679527, 0.16982769819830779, 0.20679989027128481, 0.19380086387127513, 0.17997751371389017, 0.17565507967375105, 0.1661296045227397, 0.20155344941610207, 0.19787856051371777, 0.17198017451175465, 0.1868972348945338, 0.17694584250471035, 0.16655044176133785, 0.16910862413249378, 0.19051914452085322, 0.20832050905195895, 0.1766382970574193, 0.17809591660743676, 0.19798762584823545], "val_acc": [0.758765778401122, 0.8401122019635343, 0.8555399719495091, 0.8583450210378681, 0.8625525946704067, 0.8906030855539971, 0.9032258064516129, 0.8948106591865358, 0.8906030855539971, 0.9130434782608695, 0.906030855539972, 0.9144460028050491, 0.9256661991584852, 0.9200561009817672, 0.9200561009817672, 0.9354838709677419, 0.9200561009817672, 0.9270687237026648, 0.9270687237026648, 0.9200561009817672, 0.9298737727910238, 0.9340813464235624, 0.9270687237026648, 0.9368863955119214, 0.938288920056101, 0.9424964936886395, 0.9396914446002805, 0.9312762973352033, 0.938288920056101, 0.9438990182328191, 0.94109396914446, 0.938288920056101, 0.9424964936886395, 0.9453015427769986, 0.9424964936886395, 0.9467040673211781, 0.9424964936886395, 0.9453015427769986, 0.9396914446002805, 0.9481065918653576, 0.9495091164095372, 0.94109396914446, 0.9495091164095372, 0.9523141654978962, 0.9467040673211781, 0.9495091164095372, 0.9453015427769986, 0.9509116409537167, 0.9495091164095372, 0.9495091164095372]}