{"train_loss": [1.67038294396342, 1.260841967220273, 1.1704795994817063, 1.137517949286359, 1.0851155182526115, 1.0607627781802844, 1.0318577844081953, 0.9764628964004918, 1.0394072708858082, 0.9694751458493716, 0.9679955867460021, 0.9909605363413247, 0.975924293130584, 0.9291491017867721, 0.9088719797217909, 0.9169746377213406, 0.8974932716523286, 0.8935892994057276, 0.8848970371870987, 0.8820660312204979, 0.8636169071164106, 0.849504161653502, 0.8851905194556442, 0.8824593746933544, 0.889467983112235, 0.8695530139001155, 0.8752451248219051, 0.9134876915744641, 0.8726752851556354, 0.8285388382846545, 0.8224994753997923, 0.840401416025312, 0.8175616650364236, 0.8980590296710227, 0.8525515677423694, 0.8061913489042773, 0.8467998383550427, 0.840982665969695, 0.8750000065137125, 0.8670079002029633, 0.8256173208173228, 0.8532964734396459, 0.813679976930969, 0.8333444976138568, 0.8718353225763124, 0.8976722675113044, 0.8712386794557923, 0.8612978493269605, 0.8460903504057649, 0.8893024531429577], "train_acc": [0.4801966275517452, 0.6712866315490936, 0.7199472188532039, 0.7320110913959778, 0.7657711675413436, 0.7684412154550101, 0.783880514689377, 0.8100194429975466, 0.7809447573279332, 0.8131214614507405, 0.8191865307228369, 0.8079708906063474, 0.810075976343372, 0.8371557718400571, 0.8434238176629756, 0.8373975125795488, 0.8462897918687811, 0.8512555282713027, 0.8552118528536448, 0.8619978186545564, 0.871953542512269, 0.868148272091787, 0.8543798789042725, 0.8578215275044616, 0.8599109867617044, 0.8682081738620631, 0.8592898235220834, 0.8435761585335807, 0.8685507086237759, 0.8857048468080377, 0.8817927619412985, 0.8801951398365134, 0.8861015242995814, 0.854143745803165, 0.8773611451197422, 0.8930415342234062, 0.8711824774533353, 0.8746944739814397, 0.8624987109529993, 0.8669491051374927, 0.8819917254606604, 0.8692243733046977, 0.8900318103997386, 0.8815108082131621, 0.8703689466633437, 0.8530754926116997, 0.8675493995279021, 0.869332721563229, 0.8759803416223743, 0.8537664802604715], "val_loss": [1.0829988525759788, 0.8885474718302531, 0.8217311704643645, 0.8092170428761594, 0.7770457862971708, 0.7328921309025725, 0.7029532782660293, 0.6975106617845961, 0.7170807305425615, 0.6856641224356887, 0.6878707206600344, 0.6828386396545849, 0.666338747045937, 0.6716934077201351, 0.666195648248199, 0.6494825051844036, 0.6543575247741849, 0.6383980056179522, 0.639980365233535, 0.6390654356917693, 0.6381742916635511, 0.6379169308453756, 0.6477542873184611, 0.6365750116853861, 0.6331933041274297, 0.6298884160889817, 0.6279853961912479, 0.6314872603597013, 0.6238349595879104, 0.6281516453327003, 0.6302579731626898, 0.6169944488316732, 0.611846927422795, 0.6281379926087646, 0.6210052625995865, 0.6137666725677662, 0.6152301039468356, 0.6125721546911425, 0.6242335447924, 0.6213850200928612, 0.6102073952492959, 0.6171869026160006, 0.6112825882217493, 0.6063612112657887, 0.6081983529835897, 0.6166712234598725, 0.6252645936286466, 0.6126661585724872, 0.6146336778852081, 0.6228628525560066], "val_acc": [0.7713884992987378, 0.8499298737727911, 0.8583450210378681, 0.8653576437587658, 0.8821879382889201, 0.9018232819074333, 0.9130434782608695, 0.9172510518934082, 0.9130434782608695, 0.9158485273492286, 0.9326788218793829, 0.9340813464235624, 0.9312762973352033, 0.9354838709677419, 0.9340813464235624, 0.9481065918653576, 0.9340813464235624, 0.94109396914446, 0.9396914446002805, 0.9438990182328191, 0.9354838709677419, 0.9354838709677419, 0.94109396914446, 0.9481065918653576, 0.9424964936886395, 0.9481065918653576, 0.9523141654978962, 0.938288920056101, 0.9438990182328191, 0.9438990182328191, 0.94109396914446, 0.9453015427769986, 0.9438990182328191, 0.9467040673211781, 0.9438990182328191, 0.9523141654978962, 0.9495091164095372, 0.9523141654978962, 0.9509116409537167, 0.9537166900420757, 0.9551192145862553, 0.9481065918653576, 0.9523141654978962, 0.9537166900420757, 0.9537166900420757, 0.9523141654978962, 0.9551192145862553, 0.9565217391304348, 0.9579242636746143, 0.9551192145862553]}