{
  "baseline": {
    "best_val_acc": 0.9621318373071529,
    "test_acc": 0.9541666666666667
  },
  "no_weights": {
    "best_val_acc": 0.9579242636746143,
    "test_acc": 0.9472222222222222
  },
  "no_ls": {
    "best_val_acc": 0.9523141654978962,
    "test_acc": 0.9402777777777778
  },
  "no_mixup": {
    "best_val_acc": 0.9607293127629734,
    "test_acc": 0.9527777777777777
  },
  "full": {
    "best_val_acc": 0.9537166900420757,
    "test_acc": 0.9388888888888889
  }
}